"","location","avg_price","NATCODE"
"1","Algeciras",2,34011111004
"2","Algeciras",2,34011111004
"3","Alhaurín de la Torre",7,34012929007
"4","Alhaurín de la Torre",7,34012929007
"5","Alhaurín de la Torre",7,34012929007
"6","Alhaurín de la Torre",7,34012929007
"7","Alhaurín de la Torre",7,34012929007
"8","Alhaurín de la Torre",7,34012929007
"9","Alhaurín de la Torre",7,34012929007
"10","Alhaurín el Grande",77,34012929008
"11","Alhaurín el Grande",77,34012929008
"12","Alhaurín el Grande",77,34012929008
"13","Alhaurín el Grande",77,34012929008
"14","Alhaurín el Grande",77,34012929008
"15","Alhaurín el Grande",77,34012929008
"16","Alhaurín el Grande",77,34012929008
"17","Alhaurín el Grande",77,34012929008
"18","Alhaurín el Grande",77,34012929008
"19","Alhaurín el Grande",77,34012929008
"20","Alhaurín el Grande",77,34012929008
"21","Alhaurín el Grande",77,34012929008
"22","Alhaurín el Grande",77,34012929008
"23","Alhaurín el Grande",77,34012929008
"24","Alhaurín el Grande",77,34012929008
"25","Alhaurín el Grande",77,34012929008
"26","Alhaurín el Grande",77,34012929008
"27","Alhaurín el Grande",77,34012929008
"28","Alhaurín el Grande",77,34012929008
"29","Alhaurín el Grande",77,34012929008
"30","Alhaurín el Grande",77,34012929008
"31","Alhaurín el Grande",77,34012929008
"32","Alhaurín el Grande",77,34012929008
"33","Alhaurín el Grande",77,34012929008
"34","Alhaurín el Grande",77,34012929008
"35","Alhaurín el Grande",77,34012929008
"36","Alhaurín el Grande",77,34012929008
"37","Alhaurín el Grande",77,34012929008
"38","Alhaurín el Grande",77,34012929008
"39","Alhaurín el Grande",77,34012929008
"40","Alhaurín el Grande",77,34012929008
"41","Alhaurín el Grande",77,34012929008
"42","Alhaurín el Grande",77,34012929008
"43","Alhaurín el Grande",77,34012929008
"44","Alhaurín el Grande",77,34012929008
"45","Alhaurín el Grande",77,34012929008
"46","Alhaurín el Grande",77,34012929008
"47","Alhaurín el Grande",77,34012929008
"48","Alhaurín el Grande",77,34012929008
"49","Alhaurín el Grande",77,34012929008
"50","Alhaurín el Grande",77,34012929008
"51","Alhaurín el Grande",77,34012929008
"52","Alhaurín el Grande",77,34012929008
"53","Alhaurín el Grande",77,34012929008
"54","Alhaurín el Grande",77,34012929008
"55","Alhaurín el Grande",77,34012929008
"56","Alhaurín el Grande",77,34012929008
"57","Alhaurín el Grande",77,34012929008
"58","Alhaurín el Grande",77,34012929008
"59","Alhaurín el Grande",77,34012929008
"60","Alhaurín el Grande",77,34012929008
"61","Alhaurín el Grande",77,34012929008
"62","Alhaurín el Grande",77,34012929008
"63","Alhaurín el Grande",77,34012929008
"64","Alhaurín el Grande",77,34012929008
"65","Alhaurín el Grande",77,34012929008
"66","Alhaurín el Grande",77,34012929008
"67","Alhaurín el Grande",77,34012929008
"68","Alhaurín el Grande",77,34012929008
"69","Alhaurín el Grande",77,34012929008
"70","Alhaurín el Grande",77,34012929008
"71","Alhaurín el Grande",77,34012929008
"72","Alhaurín el Grande",77,34012929008
"73","Alhaurín el Grande",77,34012929008
"74","Alhaurín el Grande",77,34012929008
"75","Alhaurín el Grande",77,34012929008
"76","Alhaurín el Grande",77,34012929008
"77","Alhaurín el Grande",77,34012929008
"78","Alhaurín el Grande",77,34012929008
"79","Alhaurín el Grande",77,34012929008
"80","Alhaurín el Grande",77,34012929008
"81","Alhaurín el Grande",77,34012929008
"82","Alhaurín el Grande",77,34012929008
"83","Alhaurín el Grande",77,34012929008
"84","Alhaurín el Grande",77,34012929008
"85","Alhaurín el Grande",77,34012929008
"86","Alhaurín el Grande",77,34012929008
"87","Almogía",3,34012929011
"88","Almogía",3,34012929011
"89","Almogía",3,34012929011
"90","Alozaina",10,34012929013
"91","Alozaina",10,34012929013
"92","Alozaina",10,34012929013
"93","Alozaina",10,34012929013
"94","Alozaina",10,34012929013
"95","Alozaina",10,34012929013
"96","Alozaina",10,34012929013
"97","Alozaina",10,34012929013
"98","Alozaina",10,34012929013
"99","Alozaina",10,34012929013
"100","Antequera",5,34012929015
"101","Antequera",5,34012929015
"102","Antequera",5,34012929015
"103","Antequera",5,34012929015
"104","Antequera",5,34012929015
"105","Archidona",1,34012929017
"106","Ardales",7,34012929018
"107","Ardales",7,34012929018
"108","Ardales",7,34012929018
"109","Ardales",7,34012929018
"110","Ardales",7,34012929018
"111","Ardales",7,34012929018
"112","Ardales",7,34012929018
"113","Arriate",5,34012929020
"114","Arriate",5,34012929020
"115","Arriate",5,34012929020
"116","Arriate",5,34012929020
"117","Arriate",5,34012929020
"118","Benahavís",42,34012929023
"119","Benahavís",42,34012929023
"120","Benahavís",42,34012929023
"121","Benahavís",42,34012929023
"122","Benahavís",42,34012929023
"123","Benahavís",42,34012929023
"124","Benahavís",42,34012929023
"125","Benahavís",42,34012929023
"126","Benahavís",42,34012929023
"127","Benahavís",42,34012929023
"128","Benahavís",42,34012929023
"129","Benahavís",42,34012929023
"130","Benahavís",42,34012929023
"131","Benahavís",42,34012929023
"132","Benahavís",42,34012929023
"133","Benahavís",42,34012929023
"134","Benahavís",42,34012929023
"135","Benahavís",42,34012929023
"136","Benahavís",42,34012929023
"137","Benahavís",42,34012929023
"138","Benahavís",42,34012929023
"139","Benahavís",42,34012929023
"140","Benahavís",42,34012929023
"141","Benahavís",42,34012929023
"142","Benahavís",42,34012929023
"143","Benahavís",42,34012929023
"144","Benahavís",42,34012929023
"145","Benahavís",42,34012929023
"146","Benahavís",42,34012929023
"147","Benahavís",42,34012929023
"148","Benahavís",42,34012929023
"149","Benahavís",42,34012929023
"150","Benahavís",42,34012929023
"151","Benahavís",42,34012929023
"152","Benahavís",42,34012929023
"153","Benahavís",42,34012929023
"154","Benahavís",42,34012929023
"155","Benahavís",42,34012929023
"156","Benahavís",42,34012929023
"157","Benahavís",42,34012929023
"158","Benahavís",42,34012929023
"159","Benahavís",42,34012929023
"160","Benaoján",2,34012929028
"161","Benaoján",2,34012929028
"162","Benarrabá",4,34012929029
"163","Benarrabá",4,34012929029
"164","Benarrabá",4,34012929029
"165","Benarrabá",4,34012929029
"166","Campillos",1,34012929032
"167","Carratraca",2,34012929036
"168","Carratraca",2,34012929036
"169","Cártama",9,34012929038
"170","Cártama",9,34012929038
"171","Cártama",9,34012929038
"172","Cártama",9,34012929038
"173","Cártama",9,34012929038
"174","Cártama",9,34012929038
"175","Cártama",9,34012929038
"176","Cártama",9,34012929038
"177","Cártama",9,34012929038
"178","Casabermeja",3,34012929039
"179","Casabermeja",3,34012929039
"180","Casabermeja",3,34012929039
"181","Casarabonela",7,34012929040
"182","Casarabonela",7,34012929040
"183","Casarabonela",7,34012929040
"184","Casarabonela",7,34012929040
"185","Casarabonela",7,34012929040
"186","Casarabonela",7,34012929040
"187","Casarabonela",7,34012929040
"188","Casares",45,34012929041
"189","Casares",45,34012929041
"190","Casares",45,34012929041
"191","Casares",45,34012929041
"192","Casares",45,34012929041
"193","Casares",45,34012929041
"194","Casares",45,34012929041
"195","Casares",45,34012929041
"196","Casares",45,34012929041
"197","Casares",45,34012929041
"198","Casares",45,34012929041
"199","Casares",45,34012929041
"200","Casares",45,34012929041
"201","Casares",45,34012929041
"202","Casares",45,34012929041
"203","Casares",45,34012929041
"204","Casares",45,34012929041
"205","Casares",45,34012929041
"206","Casares",45,34012929041
"207","Casares",45,34012929041
"208","Casares",45,34012929041
"209","Casares",45,34012929041
"210","Casares",45,34012929041
"211","Casares",45,34012929041
"212","Casares",45,34012929041
"213","Casares",45,34012929041
"214","Casares",45,34012929041
"215","Casares",45,34012929041
"216","Casares",45,34012929041
"217","Casares",45,34012929041
"218","Casares",45,34012929041
"219","Casares",45,34012929041
"220","Casares",45,34012929041
"221","Casares",45,34012929041
"222","Casares",45,34012929041
"223","Casares",45,34012929041
"224","Casares",45,34012929041
"225","Casares",45,34012929041
"226","Casares",45,34012929041
"227","Casares",45,34012929041
"228","Casares",45,34012929041
"229","Casares",45,34012929041
"230","Casares",45,34012929041
"231","Casares",45,34012929041
"232","Casares",45,34012929041
"233","Coín",72,34012929042
"234","Coín",72,34012929042
"235","Coín",72,34012929042
"236","Coín",72,34012929042
"237","Coín",72,34012929042
"238","Coín",72,34012929042
"239","Coín",72,34012929042
"240","Coín",72,34012929042
"241","Coín",72,34012929042
"242","Coín",72,34012929042
"243","Coín",72,34012929042
"244","Coín",72,34012929042
"245","Coín",72,34012929042
"246","Coín",72,34012929042
"247","Coín",72,34012929042
"248","Coín",72,34012929042
"249","Coín",72,34012929042
"250","Coín",72,34012929042
"251","Coín",72,34012929042
"252","Coín",72,34012929042
"253","Coín",72,34012929042
"254","Coín",72,34012929042
"255","Coín",72,34012929042
"256","Coín",72,34012929042
"257","Coín",72,34012929042
"258","Coín",72,34012929042
"259","Coín",72,34012929042
"260","Coín",72,34012929042
"261","Coín",72,34012929042
"262","Coín",72,34012929042
"263","Coín",72,34012929042
"264","Coín",72,34012929042
"265","Coín",72,34012929042
"266","Coín",72,34012929042
"267","Coín",72,34012929042
"268","Coín",72,34012929042
"269","Coín",72,34012929042
"270","Coín",72,34012929042
"271","Coín",72,34012929042
"272","Coín",72,34012929042
"273","Coín",72,34012929042
"274","Coín",72,34012929042
"275","Coín",72,34012929042
"276","Coín",72,34012929042
"277","Coín",72,34012929042
"278","Coín",72,34012929042
"279","Coín",72,34012929042
"280","Coín",72,34012929042
"281","Coín",72,34012929042
"282","Coín",72,34012929042
"283","Coín",72,34012929042
"284","Coín",72,34012929042
"285","Coín",72,34012929042
"286","Coín",72,34012929042
"287","Coín",72,34012929042
"288","Coín",72,34012929042
"289","Coín",72,34012929042
"290","Coín",72,34012929042
"291","Coín",72,34012929042
"292","Coín",72,34012929042
"293","Coín",72,34012929042
"294","Coín",72,34012929042
"295","Coín",72,34012929042
"296","Coín",72,34012929042
"297","Coín",72,34012929042
"298","Coín",72,34012929042
"299","Coín",72,34012929042
"300","Coín",72,34012929042
"301","Coín",72,34012929042
"302","Coín",72,34012929042
"303","Coín",72,34012929042
"304","Coín",72,34012929042
"305","Cortes de la Frontera",4,34012929046
"306","Cortes de la Frontera",4,34012929046
"307","Cortes de la Frontera",4,34012929046
"308","Cortes de la Frontera",4,34012929046
"309","Estepona",209,34012929051
"310","Estepona",209,34012929051
"311","Estepona",209,34012929051
"312","Estepona",209,34012929051
"313","Estepona",209,34012929051
"314","Estepona",209,34012929051
"315","Estepona",209,34012929051
"316","Estepona",209,34012929051
"317","Estepona",209,34012929051
"318","Estepona",209,34012929051
"319","Estepona",209,34012929051
"320","Estepona",209,34012929051
"321","Estepona",209,34012929051
"322","Estepona",209,34012929051
"323","Estepona",209,34012929051
"324","Estepona",209,34012929051
"325","Estepona",209,34012929051
"326","Estepona",209,34012929051
"327","Estepona",209,34012929051
"328","Estepona",209,34012929051
"329","Estepona",209,34012929051
"330","Estepona",209,34012929051
"331","Estepona",209,34012929051
"332","Estepona",209,34012929051
"333","Estepona",209,34012929051
"334","Estepona",209,34012929051
"335","Estepona",209,34012929051
"336","Estepona",209,34012929051
"337","Estepona",209,34012929051
"338","Estepona",209,34012929051
"339","Estepona",209,34012929051
"340","Estepona",209,34012929051
"341","Estepona",209,34012929051
"342","Estepona",209,34012929051
"343","Estepona",209,34012929051
"344","Estepona",209,34012929051
"345","Estepona",209,34012929051
"346","Estepona",209,34012929051
"347","Estepona",209,34012929051
"348","Estepona",209,34012929051
"349","Estepona",209,34012929051
"350","Estepona",209,34012929051
"351","Estepona",209,34012929051
"352","Estepona",209,34012929051
"353","Estepona",209,34012929051
"354","Estepona",209,34012929051
"355","Estepona",209,34012929051
"356","Estepona",209,34012929051
"357","Estepona",209,34012929051
"358","Estepona",209,34012929051
"359","Estepona",209,34012929051
"360","Estepona",209,34012929051
"361","Estepona",209,34012929051
"362","Estepona",209,34012929051
"363","Estepona",209,34012929051
"364","Estepona",209,34012929051
"365","Estepona",209,34012929051
"366","Estepona",209,34012929051
"367","Estepona",209,34012929051
"368","Estepona",209,34012929051
"369","Estepona",209,34012929051
"370","Estepona",209,34012929051
"371","Estepona",209,34012929051
"372","Estepona",209,34012929051
"373","Estepona",209,34012929051
"374","Estepona",209,34012929051
"375","Estepona",209,34012929051
"376","Estepona",209,34012929051
"377","Estepona",209,34012929051
"378","Estepona",209,34012929051
"379","Estepona",209,34012929051
"380","Estepona",209,34012929051
"381","Estepona",209,34012929051
"382","Estepona",209,34012929051
"383","Estepona",209,34012929051
"384","Estepona",209,34012929051
"385","Estepona",209,34012929051
"386","Estepona",209,34012929051
"387","Estepona",209,34012929051
"388","Estepona",209,34012929051
"389","Estepona",209,34012929051
"390","Estepona",209,34012929051
"391","Estepona",209,34012929051
"392","Estepona",209,34012929051
"393","Estepona",209,34012929051
"394","Estepona",209,34012929051
"395","Estepona",209,34012929051
"396","Estepona",209,34012929051
"397","Estepona",209,34012929051
"398","Estepona",209,34012929051
"399","Estepona",209,34012929051
"400","Estepona",209,34012929051
"401","Estepona",209,34012929051
"402","Estepona",209,34012929051
"403","Estepona",209,34012929051
"404","Estepona",209,34012929051
"405","Estepona",209,34012929051
"406","Estepona",209,34012929051
"407","Estepona",209,34012929051
"408","Estepona",209,34012929051
"409","Estepona",209,34012929051
"410","Estepona",209,34012929051
"411","Estepona",209,34012929051
"412","Estepona",209,34012929051
"413","Estepona",209,34012929051
"414","Estepona",209,34012929051
"415","Estepona",209,34012929051
"416","Estepona",209,34012929051
"417","Estepona",209,34012929051
"418","Estepona",209,34012929051
"419","Estepona",209,34012929051
"420","Estepona",209,34012929051
"421","Estepona",209,34012929051
"422","Estepona",209,34012929051
"423","Estepona",209,34012929051
"424","Estepona",209,34012929051
"425","Estepona",209,34012929051
"426","Estepona",209,34012929051
"427","Estepona",209,34012929051
"428","Estepona",209,34012929051
"429","Estepona",209,34012929051
"430","Estepona",209,34012929051
"431","Estepona",209,34012929051
"432","Estepona",209,34012929051
"433","Estepona",209,34012929051
"434","Estepona",209,34012929051
"435","Estepona",209,34012929051
"436","Estepona",209,34012929051
"437","Estepona",209,34012929051
"438","Estepona",209,34012929051
"439","Estepona",209,34012929051
"440","Estepona",209,34012929051
"441","Estepona",209,34012929051
"442","Estepona",209,34012929051
"443","Estepona",209,34012929051
"444","Estepona",209,34012929051
"445","Estepona",209,34012929051
"446","Estepona",209,34012929051
"447","Estepona",209,34012929051
"448","Estepona",209,34012929051
"449","Estepona",209,34012929051
"450","Estepona",209,34012929051
"451","Estepona",209,34012929051
"452","Estepona",209,34012929051
"453","Estepona",209,34012929051
"454","Estepona",209,34012929051
"455","Estepona",209,34012929051
"456","Estepona",209,34012929051
"457","Estepona",209,34012929051
"458","Estepona",209,34012929051
"459","Estepona",209,34012929051
"460","Estepona",209,34012929051
"461","Estepona",209,34012929051
"462","Estepona",209,34012929051
"463","Estepona",209,34012929051
"464","Estepona",209,34012929051
"465","Estepona",209,34012929051
"466","Estepona",209,34012929051
"467","Estepona",209,34012929051
"468","Estepona",209,34012929051
"469","Estepona",209,34012929051
"470","Estepona",209,34012929051
"471","Estepona",209,34012929051
"472","Estepona",209,34012929051
"473","Estepona",209,34012929051
"474","Estepona",209,34012929051
"475","Estepona",209,34012929051
"476","Estepona",209,34012929051
"477","Estepona",209,34012929051
"478","Estepona",209,34012929051
"479","Estepona",209,34012929051
"480","Estepona",209,34012929051
"481","Estepona",209,34012929051
"482","Estepona",209,34012929051
"483","Estepona",209,34012929051
"484","Estepona",209,34012929051
"485","Estepona",209,34012929051
"486","Estepona",209,34012929051
"487","Estepona",209,34012929051
"488","Estepona",209,34012929051
"489","Estepona",209,34012929051
"490","Estepona",209,34012929051
"491","Estepona",209,34012929051
"492","Estepona",209,34012929051
"493","Estepona",209,34012929051
"494","Estepona",209,34012929051
"495","Estepona",209,34012929051
"496","Estepona",209,34012929051
"497","Estepona",209,34012929051
"498","Estepona",209,34012929051
"499","Estepona",209,34012929051
"500","Estepona",209,34012929051
"501","Estepona",209,34012929051
"502","Estepona",209,34012929051
"503","Estepona",209,34012929051
"504","Estepona",209,34012929051
"505","Estepona",209,34012929051
"506","Estepona",209,34012929051
"507","Estepona",209,34012929051
"508","Estepona",209,34012929051
"509","Estepona",209,34012929051
"510","Estepona",209,34012929051
"511","Estepona",209,34012929051
"512","Estepona",209,34012929051
"513","Estepona",209,34012929051
"514","Estepona",209,34012929051
"515","Estepona",209,34012929051
"516","Estepona",209,34012929051
"517","Estepona",209,34012929051
"518","Fuengirola",203,34012929054
"519","Fuengirola",203,34012929054
"520","Fuengirola",203,34012929054
"521","Fuengirola",203,34012929054
"522","Fuengirola",203,34012929054
"523","Fuengirola",203,34012929054
"524","Fuengirola",203,34012929054
"525","Fuengirola",203,34012929054
"526","Fuengirola",203,34012929054
"527","Fuengirola",203,34012929054
"528","Fuengirola",203,34012929054
"529","Fuengirola",203,34012929054
"530","Fuengirola",203,34012929054
"531","Fuengirola",203,34012929054
"532","Fuengirola",203,34012929054
"533","Fuengirola",203,34012929054
"534","Fuengirola",203,34012929054
"535","Fuengirola",203,34012929054
"536","Fuengirola",203,34012929054
"537","Fuengirola",203,34012929054
"538","Fuengirola",203,34012929054
"539","Fuengirola",203,34012929054
"540","Fuengirola",203,34012929054
"541","Fuengirola",203,34012929054
"542","Fuengirola",203,34012929054
"543","Fuengirola",203,34012929054
"544","Fuengirola",203,34012929054
"545","Fuengirola",203,34012929054
"546","Fuengirola",203,34012929054
"547","Fuengirola",203,34012929054
"548","Fuengirola",203,34012929054
"549","Fuengirola",203,34012929054
"550","Fuengirola",203,34012929054
"551","Fuengirola",203,34012929054
"552","Fuengirola",203,34012929054
"553","Fuengirola",203,34012929054
"554","Fuengirola",203,34012929054
"555","Fuengirola",203,34012929054
"556","Fuengirola",203,34012929054
"557","Fuengirola",203,34012929054
"558","Fuengirola",203,34012929054
"559","Fuengirola",203,34012929054
"560","Fuengirola",203,34012929054
"561","Fuengirola",203,34012929054
"562","Fuengirola",203,34012929054
"563","Fuengirola",203,34012929054
"564","Fuengirola",203,34012929054
"565","Fuengirola",203,34012929054
"566","Fuengirola",203,34012929054
"567","Fuengirola",203,34012929054
"568","Fuengirola",203,34012929054
"569","Fuengirola",203,34012929054
"570","Fuengirola",203,34012929054
"571","Fuengirola",203,34012929054
"572","Fuengirola",203,34012929054
"573","Fuengirola",203,34012929054
"574","Fuengirola",203,34012929054
"575","Fuengirola",203,34012929054
"576","Fuengirola",203,34012929054
"577","Fuengirola",203,34012929054
"578","Fuengirola",203,34012929054
"579","Fuengirola",203,34012929054
"580","Fuengirola",203,34012929054
"581","Fuengirola",203,34012929054
"582","Fuengirola",203,34012929054
"583","Fuengirola",203,34012929054
"584","Fuengirola",203,34012929054
"585","Fuengirola",203,34012929054
"586","Fuengirola",203,34012929054
"587","Fuengirola",203,34012929054
"588","Fuengirola",203,34012929054
"589","Fuengirola",203,34012929054
"590","Fuengirola",203,34012929054
"591","Fuengirola",203,34012929054
"592","Fuengirola",203,34012929054
"593","Fuengirola",203,34012929054
"594","Fuengirola",203,34012929054
"595","Fuengirola",203,34012929054
"596","Fuengirola",203,34012929054
"597","Fuengirola",203,34012929054
"598","Fuengirola",203,34012929054
"599","Fuengirola",203,34012929054
"600","Fuengirola",203,34012929054
"601","Fuengirola",203,34012929054
"602","Fuengirola",203,34012929054
"603","Fuengirola",203,34012929054
"604","Fuengirola",203,34012929054
"605","Fuengirola",203,34012929054
"606","Fuengirola",203,34012929054
"607","Fuengirola",203,34012929054
"608","Fuengirola",203,34012929054
"609","Fuengirola",203,34012929054
"610","Fuengirola",203,34012929054
"611","Fuengirola",203,34012929054
"612","Fuengirola",203,34012929054
"613","Fuengirola",203,34012929054
"614","Fuengirola",203,34012929054
"615","Fuengirola",203,34012929054
"616","Fuengirola",203,34012929054
"617","Fuengirola",203,34012929054
"618","Fuengirola",203,34012929054
"619","Fuengirola",203,34012929054
"620","Fuengirola",203,34012929054
"621","Fuengirola",203,34012929054
"622","Fuengirola",203,34012929054
"623","Fuengirola",203,34012929054
"624","Fuengirola",203,34012929054
"625","Fuengirola",203,34012929054
"626","Fuengirola",203,34012929054
"627","Fuengirola",203,34012929054
"628","Fuengirola",203,34012929054
"629","Fuengirola",203,34012929054
"630","Fuengirola",203,34012929054
"631","Fuengirola",203,34012929054
"632","Fuengirola",203,34012929054
"633","Fuengirola",203,34012929054
"634","Fuengirola",203,34012929054
"635","Fuengirola",203,34012929054
"636","Fuengirola",203,34012929054
"637","Fuengirola",203,34012929054
"638","Fuengirola",203,34012929054
"639","Fuengirola",203,34012929054
"640","Fuengirola",203,34012929054
"641","Fuengirola",203,34012929054
"642","Fuengirola",203,34012929054
"643","Fuengirola",203,34012929054
"644","Fuengirola",203,34012929054
"645","Fuengirola",203,34012929054
"646","Fuengirola",203,34012929054
"647","Fuengirola",203,34012929054
"648","Fuengirola",203,34012929054
"649","Fuengirola",203,34012929054
"650","Fuengirola",203,34012929054
"651","Fuengirola",203,34012929054
"652","Fuengirola",203,34012929054
"653","Fuengirola",203,34012929054
"654","Fuengirola",203,34012929054
"655","Fuengirola",203,34012929054
"656","Fuengirola",203,34012929054
"657","Fuengirola",203,34012929054
"658","Fuengirola",203,34012929054
"659","Fuengirola",203,34012929054
"660","Fuengirola",203,34012929054
"661","Fuengirola",203,34012929054
"662","Fuengirola",203,34012929054
"663","Fuengirola",203,34012929054
"664","Fuengirola",203,34012929054
"665","Fuengirola",203,34012929054
"666","Fuengirola",203,34012929054
"667","Fuengirola",203,34012929054
"668","Fuengirola",203,34012929054
"669","Fuengirola",203,34012929054
"670","Fuengirola",203,34012929054
"671","Fuengirola",203,34012929054
"672","Fuengirola",203,34012929054
"673","Fuengirola",203,34012929054
"674","Fuengirola",203,34012929054
"675","Fuengirola",203,34012929054
"676","Fuengirola",203,34012929054
"677","Fuengirola",203,34012929054
"678","Fuengirola",203,34012929054
"679","Fuengirola",203,34012929054
"680","Fuengirola",203,34012929054
"681","Fuengirola",203,34012929054
"682","Fuengirola",203,34012929054
"683","Fuengirola",203,34012929054
"684","Fuengirola",203,34012929054
"685","Fuengirola",203,34012929054
"686","Fuengirola",203,34012929054
"687","Fuengirola",203,34012929054
"688","Fuengirola",203,34012929054
"689","Fuengirola",203,34012929054
"690","Fuengirola",203,34012929054
"691","Fuengirola",203,34012929054
"692","Fuengirola",203,34012929054
"693","Fuengirola",203,34012929054
"694","Fuengirola",203,34012929054
"695","Fuengirola",203,34012929054
"696","Fuengirola",203,34012929054
"697","Fuengirola",203,34012929054
"698","Fuengirola",203,34012929054
"699","Fuengirola",203,34012929054
"700","Fuengirola",203,34012929054
"701","Fuengirola",203,34012929054
"702","Fuengirola",203,34012929054
"703","Fuengirola",203,34012929054
"704","Fuengirola",203,34012929054
"705","Fuengirola",203,34012929054
"706","Fuengirola",203,34012929054
"707","Fuengirola",203,34012929054
"708","Fuengirola",203,34012929054
"709","Fuengirola",203,34012929054
"710","Fuengirola",203,34012929054
"711","Fuengirola",203,34012929054
"712","Fuengirola",203,34012929054
"713","Fuengirola",203,34012929054
"714","Fuengirola",203,34012929054
"715","Fuengirola",203,34012929054
"716","Fuengirola",203,34012929054
"717","Fuengirola",203,34012929054
"718","Fuengirola",203,34012929054
"719","Fuengirola",203,34012929054
"720","Fuengirola",203,34012929054
"721","Fuente de Piedra",2,34012929055
"722","Fuente de Piedra",2,34012929055
"723","Gaucín",22,34012929056
"724","Gaucín",22,34012929056
"725","Gaucín",22,34012929056
"726","Gaucín",22,34012929056
"727","Gaucín",22,34012929056
"728","Gaucín",22,34012929056
"729","Gaucín",22,34012929056
"730","Gaucín",22,34012929056
"731","Gaucín",22,34012929056
"732","Gaucín",22,34012929056
"733","Gaucín",22,34012929056
"734","Gaucín",22,34012929056
"735","Gaucín",22,34012929056
"736","Gaucín",22,34012929056
"737","Gaucín",22,34012929056
"738","Gaucín",22,34012929056
"739","Gaucín",22,34012929056
"740","Gaucín",22,34012929056
"741","Gaucín",22,34012929056
"742","Gaucín",22,34012929056
"743","Gaucín",22,34012929056
"744","Gaucín",22,34012929056
"745","Genalguacil",1,34012929057
"746","Guaro",13,34012929058
"747","Guaro",13,34012929058
"748","Guaro",13,34012929058
"749","Guaro",13,34012929058
"750","Guaro",13,34012929058
"751","Guaro",13,34012929058
"752","Guaro",13,34012929058
"753","Guaro",13,34012929058
"754","Guaro",13,34012929058
"755","Guaro",13,34012929058
"756","Guaro",13,34012929058
"757","Guaro",13,34012929058
"758","Guaro",13,34012929058
"759","Istán",4,34012929061
"760","Istán",4,34012929061
"761","Istán",4,34012929061
"762","Istán",4,34012929061
"763","Jubrique",5,34012929064
"764","Jubrique",5,34012929064
"765","Jubrique",5,34012929064
"766","Jubrique",5,34012929064
"767","Jubrique",5,34012929064
"768","Los Barrios",1,34011111008
"769","Málaga",16,34012929067
"770","Málaga",16,34012929067
"771","Málaga",16,34012929067
"772","Málaga",16,34012929067
"773","Málaga",16,34012929067
"774","Málaga",16,34012929067
"775","Málaga",16,34012929067
"776","Málaga",16,34012929067
"777","Málaga",16,34012929067
"778","Málaga",16,34012929067
"779","Málaga",16,34012929067
"780","Málaga",16,34012929067
"781","Málaga",16,34012929067
"782","Málaga",16,34012929067
"783","Málaga",16,34012929067
"784","Málaga",16,34012929067
"785","Manilva",106,34012929068
"786","Manilva",106,34012929068
"787","Manilva",106,34012929068
"788","Manilva",106,34012929068
"789","Manilva",106,34012929068
"790","Manilva",106,34012929068
"791","Manilva",106,34012929068
"792","Manilva",106,34012929068
"793","Manilva",106,34012929068
"794","Manilva",106,34012929068
"795","Manilva",106,34012929068
"796","Manilva",106,34012929068
"797","Manilva",106,34012929068
"798","Manilva",106,34012929068
"799","Manilva",106,34012929068
"800","Manilva",106,34012929068
"801","Manilva",106,34012929068
"802","Manilva",106,34012929068
"803","Manilva",106,34012929068
"804","Manilva",106,34012929068
"805","Manilva",106,34012929068
"806","Manilva",106,34012929068
"807","Manilva",106,34012929068
"808","Manilva",106,34012929068
"809","Manilva",106,34012929068
"810","Manilva",106,34012929068
"811","Manilva",106,34012929068
"812","Manilva",106,34012929068
"813","Manilva",106,34012929068
"814","Manilva",106,34012929068
"815","Manilva",106,34012929068
"816","Manilva",106,34012929068
"817","Manilva",106,34012929068
"818","Manilva",106,34012929068
"819","Manilva",106,34012929068
"820","Manilva",106,34012929068
"821","Manilva",106,34012929068
"822","Manilva",106,34012929068
"823","Manilva",106,34012929068
"824","Manilva",106,34012929068
"825","Manilva",106,34012929068
"826","Manilva",106,34012929068
"827","Manilva",106,34012929068
"828","Manilva",106,34012929068
"829","Manilva",106,34012929068
"830","Manilva",106,34012929068
"831","Manilva",106,34012929068
"832","Manilva",106,34012929068
"833","Manilva",106,34012929068
"834","Manilva",106,34012929068
"835","Manilva",106,34012929068
"836","Manilva",106,34012929068
"837","Manilva",106,34012929068
"838","Manilva",106,34012929068
"839","Manilva",106,34012929068
"840","Manilva",106,34012929068
"841","Manilva",106,34012929068
"842","Manilva",106,34012929068
"843","Manilva",106,34012929068
"844","Manilva",106,34012929068
"845","Manilva",106,34012929068
"846","Manilva",106,34012929068
"847","Manilva",106,34012929068
"848","Manilva",106,34012929068
"849","Manilva",106,34012929068
"850","Manilva",106,34012929068
"851","Manilva",106,34012929068
"852","Manilva",106,34012929068
"853","Manilva",106,34012929068
"854","Manilva",106,34012929068
"855","Manilva",106,34012929068
"856","Manilva",106,34012929068
"857","Manilva",106,34012929068
"858","Manilva",106,34012929068
"859","Manilva",106,34012929068
"860","Manilva",106,34012929068
"861","Manilva",106,34012929068
"862","Manilva",106,34012929068
"863","Manilva",106,34012929068
"864","Manilva",106,34012929068
"865","Manilva",106,34012929068
"866","Manilva",106,34012929068
"867","Manilva",106,34012929068
"868","Manilva",106,34012929068
"869","Manilva",106,34012929068
"870","Manilva",106,34012929068
"871","Manilva",106,34012929068
"872","Manilva",106,34012929068
"873","Manilva",106,34012929068
"874","Manilva",106,34012929068
"875","Manilva",106,34012929068
"876","Manilva",106,34012929068
"877","Manilva",106,34012929068
"878","Manilva",106,34012929068
"879","Manilva",106,34012929068
"880","Manilva",106,34012929068
"881","Manilva",106,34012929068
"882","Manilva",106,34012929068
"883","Manilva",106,34012929068
"884","Manilva",106,34012929068
"885","Manilva",106,34012929068
"886","Manilva",106,34012929068
"887","Manilva",106,34012929068
"888","Manilva",106,34012929068
"889","Manilva",106,34012929068
"890","Manilva",106,34012929068
"891","Marbella",62,34012929069
"892","Marbella",62,34012929069
"893","Marbella",62,34012929069
"894","Marbella",62,34012929069
"895","Marbella",62,34012929069
"896","Marbella",62,34012929069
"897","Marbella",62,34012929069
"898","Marbella",62,34012929069
"899","Marbella",62,34012929069
"900","Marbella",62,34012929069
"901","Marbella",62,34012929069
"902","Marbella",62,34012929069
"903","Marbella",62,34012929069
"904","Marbella",62,34012929069
"905","Marbella",62,34012929069
"906","Marbella",62,34012929069
"907","Marbella",62,34012929069
"908","Marbella",62,34012929069
"909","Marbella",62,34012929069
"910","Marbella",62,34012929069
"911","Marbella",62,34012929069
"912","Marbella",62,34012929069
"913","Marbella",62,34012929069
"914","Marbella",62,34012929069
"915","Marbella",62,34012929069
"916","Marbella",62,34012929069
"917","Marbella",62,34012929069
"918","Marbella",62,34012929069
"919","Marbella",62,34012929069
"920","Marbella",62,34012929069
"921","Marbella",62,34012929069
"922","Marbella",62,34012929069
"923","Marbella",62,34012929069
"924","Marbella",62,34012929069
"925","Marbella",62,34012929069
"926","Marbella",62,34012929069
"927","Marbella",62,34012929069
"928","Marbella",62,34012929069
"929","Marbella",62,34012929069
"930","Marbella",62,34012929069
"931","Marbella",62,34012929069
"932","Marbella",62,34012929069
"933","Marbella",62,34012929069
"934","Marbella",62,34012929069
"935","Marbella",62,34012929069
"936","Marbella",62,34012929069
"937","Marbella",62,34012929069
"938","Marbella",62,34012929069
"939","Marbella",62,34012929069
"940","Marbella",62,34012929069
"941","Marbella",62,34012929069
"942","Marbella",62,34012929069
"943","Marbella",62,34012929069
"944","Marbella",62,34012929069
"945","Marbella",62,34012929069
"946","Marbella",62,34012929069
"947","Marbella",62,34012929069
"948","Marbella",62,34012929069
"949","Marbella",62,34012929069
"950","Marbella",62,34012929069
"951","Marbella",62,34012929069
"952","Marbella",62,34012929069
"953","Mijas",63,34012929070
"954","Mijas",63,34012929070
"955","Mijas",63,34012929070
"956","Mijas",63,34012929070
"957","Mijas",63,34012929070
"958","Mijas",63,34012929070
"959","Mijas",63,34012929070
"960","Mijas",63,34012929070
"961","Mijas",63,34012929070
"962","Mijas",63,34012929070
"963","Mijas",63,34012929070
"964","Mijas",63,34012929070
"965","Mijas",63,34012929070
"966","Mijas",63,34012929070
"967","Mijas",63,34012929070
"968","Mijas",63,34012929070
"969","Mijas",63,34012929070
"970","Mijas",63,34012929070
"971","Mijas",63,34012929070
"972","Mijas",63,34012929070
"973","Mijas",63,34012929070
"974","Mijas",63,34012929070
"975","Mijas",63,34012929070
"976","Mijas",63,34012929070
"977","Mijas",63,34012929070
"978","Mijas",63,34012929070
"979","Mijas",63,34012929070
"980","Mijas",63,34012929070
"981","Mijas",63,34012929070
"982","Mijas",63,34012929070
"983","Mijas",63,34012929070
"984","Mijas",63,34012929070
"985","Mijas",63,34012929070
"986","Mijas",63,34012929070
"987","Mijas",63,34012929070
"988","Mijas",63,34012929070
"989","Mijas",63,34012929070
"990","Mijas",63,34012929070
"991","Mijas",63,34012929070
"992","Mijas",63,34012929070
"993","Mijas",63,34012929070
"994","Mijas",63,34012929070
"995","Mijas",63,34012929070
"996","Mijas",63,34012929070
"997","Mijas",63,34012929070
"998","Mijas",63,34012929070
"999","Mijas",63,34012929070
"1000","Mijas",63,34012929070
"1001","Mijas",63,34012929070
"1002","Mijas",63,34012929070
"1003","Mijas",63,34012929070
"1004","Mijas",63,34012929070
"1005","Mijas",63,34012929070
"1006","Mijas",63,34012929070
"1007","Mijas",63,34012929070
"1008","Mijas",63,34012929070
"1009","Mijas",63,34012929070
"1010","Mijas",63,34012929070
"1011","Mijas",63,34012929070
"1012","Mijas",63,34012929070
"1013","Mijas",63,34012929070
"1014","Mijas",63,34012929070
"1015","Mijas",63,34012929070
"1016","Mollina",1,34012929072
"1017","Monda",11,34012929073
"1018","Monda",11,34012929073
"1019","Monda",11,34012929073
"1020","Monda",11,34012929073
"1021","Monda",11,34012929073
"1022","Monda",11,34012929073
"1023","Monda",11,34012929073
"1024","Monda",11,34012929073
"1025","Monda",11,34012929073
"1026","Monda",11,34012929073
"1027","Monda",11,34012929073
"1028","Ojén",9,34012929076
"1029","Ojén",9,34012929076
"1030","Ojén",9,34012929076
"1031","Ojén",9,34012929076
"1032","Ojén",9,34012929076
"1033","Ojén",9,34012929076
"1034","Ojén",9,34012929076
"1035","Ojén",9,34012929076
"1036","Ojén",9,34012929076
"1037","Pizarra",4,34012929080
"1038","Pizarra",4,34012929080
"1039","Pizarra",4,34012929080
"1040","Pizarra",4,34012929080
"1041","Ronda",6,34012929084
"1042","Ronda",6,34012929084
"1043","Ronda",6,34012929084
"1044","Ronda",6,34012929084
"1045","Ronda",6,34012929084
"1046","Ronda",6,34012929084
"1047","San Roque",3,34011111033
"1048","San Roque",3,34011111033
"1049","San Roque",3,34011111033
"1050","Teba",1,34012929089
"1051","Tolox",22,34012929090
"1052","Tolox",22,34012929090
"1053","Tolox",22,34012929090
"1054","Tolox",22,34012929090
"1055","Tolox",22,34012929090
"1056","Tolox",22,34012929090
"1057","Tolox",22,34012929090
"1058","Tolox",22,34012929090
"1059","Tolox",22,34012929090
"1060","Tolox",22,34012929090
"1061","Tolox",22,34012929090
"1062","Tolox",22,34012929090
"1063","Tolox",22,34012929090
"1064","Tolox",22,34012929090
"1065","Tolox",22,34012929090
"1066","Tolox",22,34012929090
"1067","Tolox",22,34012929090
"1068","Tolox",22,34012929090
"1069","Tolox",22,34012929090
"1070","Tolox",22,34012929090
"1071","Tolox",22,34012929090
"1072","Tolox",22,34012929090
"1073","Torremolinos",41,34012929901
"1074","Torremolinos",41,34012929901
"1075","Torremolinos",41,34012929901
"1076","Torremolinos",41,34012929901
"1077","Torremolinos",41,34012929901
"1078","Torremolinos",41,34012929901
"1079","Torremolinos",41,34012929901
"1080","Torremolinos",41,34012929901
"1081","Torremolinos",41,34012929901
"1082","Torremolinos",41,34012929901
"1083","Torremolinos",41,34012929901
"1084","Torremolinos",41,34012929901
"1085","Torremolinos",41,34012929901
"1086","Torremolinos",41,34012929901
"1087","Torremolinos",41,34012929901
"1088","Torremolinos",41,34012929901
"1089","Torremolinos",41,34012929901
"1090","Torremolinos",41,34012929901
"1091","Torremolinos",41,34012929901
"1092","Torremolinos",41,34012929901
"1093","Torremolinos",41,34012929901
"1094","Torremolinos",41,34012929901
"1095","Torremolinos",41,34012929901
"1096","Torremolinos",41,34012929901
"1097","Torremolinos",41,34012929901
"1098","Torremolinos",41,34012929901
"1099","Torremolinos",41,34012929901
"1100","Torremolinos",41,34012929901
"1101","Torremolinos",41,34012929901
"1102","Torremolinos",41,34012929901
"1103","Torremolinos",41,34012929901
"1104","Torremolinos",41,34012929901
"1105","Torremolinos",41,34012929901
"1106","Torremolinos",41,34012929901
"1107","Torremolinos",41,34012929901
"1108","Torremolinos",41,34012929901
"1109","Torremolinos",41,34012929901
"1110","Torremolinos",41,34012929901
"1111","Torremolinos",41,34012929901
"1112","Torremolinos",41,34012929901
"1113","Torremolinos",41,34012929901
"1114","Villanueva de Algaidas",1,34012929095
"1115","Yunquera",5,34012929100
"1116","Yunquera",5,34012929100
"1117","Yunquera",5,34012929100
"1118","Yunquera",5,34012929100
"1119","Yunquera",5,34012929100
